,Sample,R2_L350,R2_L35,R2_invL350,R2_invL35,mode_mean_L350,mode_mean_L35,mode_mean_invL350,mode_mean_invL35,kl_L350,kl_L35,kl_invL350,kl_invL35,kl_L,kl_invL,Patient,InvL35.Mean,InvL350.Mean,L35.Mean,L350.Mean,Size_InvL35,Size_InvL350,Size_L35,Size_L350,MeanSize_35,MeanSize_350,MeanSize_InvL,MeanSize_L,InvL35.SD,InvL350.SD,L35.SD,L350.SD,InvL35.Skewness,InvL350.Skewness,L35.Skewness,L350.Skewness,InvL35.Kurt,InvL350.Kurt,L35.Kurt,L350.Kurt,InvL35.WBC.s,InvL350.WBC.s,L35.WBC.s,L350.WBC.s,combo1,combo2,combo3,combo4,combo5,combo6,combo7,combo8,combo9,combo10
0,HC201,-0.31240772100254954,0.9049096601888064,0.9005446846163156,-0.4456676042480212,-1.8694444444444454,0.6592356687898082,-2.2427586206896555,2.4591194968553474,3.5471006500174003,2.6240619456643444,4.837691502696815,,3.6843723692638393,,-1,18.540880503144653,7.2427586206896555,23.340764331210192,10.869444444444444,8.94462831979909,6.677079270709473,9.626998341412193,7.156107567143615,9.285813330605642,6.916593418926544,7.810853795254282,8.391552954277904,4.262963416022877,3.7514639869235453,4.361286776369345,2.8702806138893697,-1.1906401756572529,3.5136632914759898,-1.465979652297544,0.9862644497892954,3.788538453367364,19.081618582250215,7.096986035817052,3.461117281333076,1.5471865553419557,12.161100734943123,1.4559432612419627,12.077231074702135,1.0700491893425559,0.9872257598171961,-50.143115399883676,-19.888931367759966,4114.495466317475,5.7578800326509585,,120.24311731729478,-206.87363188286164,-8.70860718103526
