R2_L350,R2_L35,R2_invL350,R2_invL35,mode_mean_L350,mode_mean_L35,mode_mean_invL350,mode_mean_invL35,kl_L350,kl_L35,kl_invL350,kl_invL35,kl_L,kl_invL,InvL35.Mean,InvL350.Mean,L35.Mean,L350.Mean,Size_InvL35,Size_InvL350,Size_L35,Size_L350,MeanSize_35,MeanSize_350,MeanSize_InvL,MeanSize_L,InvL35.SD,InvL350.SD,L35.SD,L350.SD,InvL35.Skewness,InvL350.Skewness,L35.Skewness,L350.Skewness,InvL35.Kurt,InvL350.Kurt,L35.Kurt,L350.Kurt,InvL35.WBC.s,InvL350.WBC.s,L35.WBC.s,L350.WBC.s,combo1,combo2,combo3,combo4,combo5,combo6,combo7,combo8,combo9,combo10
0.909804963,-0.448009841,-0.143714005,0.877944463,-1.869444444,0.584664537,-2.280991736,2.517241379,3.835066627,2.123567974,4.893190383,0.43647678,3.693250484,3.125269132,17.48275862,6.280991736,22.41533546,9.869444444,8.93301209,6.684725894,9.641912568,7.156107567,9.287462329,6.92041673,7.808868992,8.399010067,4.380655385,3.887657535,4.163590238,2.870280614,-1.292580081,3.625624343,-1.17871113,0.98626445,4.32348048,19.95873637,5.498074306,3.461117281,1.552051922,12.17787467,1.451306499,12.07723107,1.078328863,0.985332113,60.22799657,17.95987686,4120.231088,5.765995709,94.00160446,119.6540266,229.4131034,10.44537659
